t,r
0.0,23542.53516
10.0,23569.23828
20.00999999,23549.53906
30.01999998,23529.84961
40.02999997,23534.88281
50.02999997,23553.89648
60.04999995,23560.89844
70.03999996,23575.58398
80.06999993,23567.9043
90.0999999,23554.55859
100.0999999,23529.84961
110.0999999,23517.65234
120.1299999,23569.9043
130.13999990000002,23626.1582
140.1599998,23610.70898
150.17999980000002,23596.64453
160.20999980000002,23629.77539
170.20999980000002,23590.29297
180.2299998,23574.91406
190.2199998,23583.27148
200.24,23590.29297
210.26,23604.35352
220.27,23610.02734
230.29,23576.92188
240.31999989999997,23575.58398
250.31999989999997,23590.96875
260.3399999,23576.25195
270.3699999,23589.62109
280.3799999,23611.38867
290.3999999,23590.96875
300.4199998,23541.87891
310.4199998,23617.74414
320.4499998,23590.96875
330.46999980000004,23613.43164
340.47999980000003,23619.10938
350.52,23591.64258
360.53,23645.24609
370.53,23582.59961
380.53,23624.78711
390.54,23618.42969
400.56999989999997,23597.99805
410.5599999,23624.78711
420.5999999,23667.82422
430.6099999,23598.67383
440.63999989999996,23645.9375
450.6599998,23620.47852
460.6599998,23648.01367
470.66999979999997,23618.42969
480.68999979999995,23624.78711
490.69999979999994,23612.07031
500.7199998,23610.02734
510.74,23624.10156
520.76,23664.33594
530.79,23687.64648
540.8,23661.45117
550.8199999,23640.26172
560.8399999,23708.19141
570.8699999,23679.86523
580.8699999,23651.60938
590.8799999,23661.45117
600.8999999,23666.42773
610.9199997999999,23703.94531
620.9199997999999,23644.55469
630.9299998,23673.49414
640.9299998,23681.27148
650.9499998,23653.69141
660.9599998,23723.8125
670.9699998,23669.22266
680.9799998,23708.90234
691.0,23694.02148
701.0,23673.49414
711.01,23626.1582
721.03,23631.83203
731.05,23674.19531
741.0699999,23645.24609
751.0799999,23631.83203
761.0799999,23611.38867
771.0899999,23638.88281
781.1299999,23631.83203
791.1399999,23652.30273
801.1399999,23638.88281
811.1299999,23652.99414
821.1499999,23633.20898
831.1499999,23617.06445
841.1599997999999,23646.62891
851.1799998,23631.83203
861.1799998,23599.34961
871.1899998,23695.43555
881.1899998,23674.89844
891.2099998,23619.79492
901.2299998,23658.66797
911.25,23658.66797
921.26,23644.55469
931.25,23640.26172
941.27,23637.50586
951.29,23652.99414
961.28,23681.27148
971.3,23633.89453
981.3099999,23632.52148
991.3,23652.99414
1001.32,23682.67969
1011.35,23672.79688
1021.36,23674.89844
1031.37,23641.64258
1041.41,23645.9375
1051.41,23675.59961
1061.43,23651.60938
1071.43,23645.24609
1081.45,23689.05859
1091.45,23687.64648
1101.45,23625.4707
1111.47,23674.89844
1121.47,23667.125
1131.49,23725.24805
1141.48,23694.72656
1151.51,23724.53125
1161.52,23751.5332
1171.53,23772.9043
1181.55,23787.91211
1191.55,23782.24609
1201.58,23767.9707
1211.58,23752.98633
1221.6,23739.47266
1231.62,23781.50977
1241.63,23783.71875
1251.64,23745.86719
1261.64,23782.24609
1271.67,23739.47266
1281.69,23787.91211
1291.7,23787.17383
1301.69,23803.69141
1311.69,23810.84766
1321.7,23824.42383
1331.71,23779.30273
1341.73,23809.35352
1351.73,23822.92188
1361.76,23810.10156
1371.78,23797.2793
1381.8,23773.63672
1391.84,23794.31641
1401.85,23808.61133
1411.85,23788.65039
1421.87,23817.26172
1431.9,23794.31641
1441.91,23815.76367
1451.93,23837.25195
1461.93,23795.79688
1471.92,23790.12891
1481.94,23830.08594
1491.95,23804.43555
1501.97,23817.26172
1511.98,23822.92188
1522.01,23836.5
1532.0,23845.93945
1542.03,23805.17773
1552.02,23797.2793
1562.04,23851.59766
1572.05,23817.26172
1582.05,23780.77344
1592.08,23808.61133
1602.08,23818.75781
1612.1,23843.66602
1622.1,23818.00781
1632.1,23804.43555
1642.11,23765.77539
1652.11,23732.35742
1662.13,23737.30664
1672.14,23730.91797
1682.16,23704.6543
1692.17,23716.71289
1702.19,23722.38086
1712.2,23717.42773
1722.2,23719.57422
1732.22,23715.2832
1742.23,23674.89844
1752.23,23739.47266
1762.22,23733.08008
1772.23,23739.47266
1782.23,23773.63672
1792.23,23711.75586
1802.25,23733.08008
1812.26,23720.29102
1822.27,23752.98633
1832.3,23760.11133
1842.29,23753.71289
1852.31,23698.26953
1862.3,23745.14062
1872.33,23753.71289
1882.33,23733.08008
1892.34,23733.08008
1902.35,23724.53125
1912.37,23754.43945
1922.39,23811.59375
1932.41,23733.79883
1942.41,23763.0293
1952.43,23789.39062
1962.42,23753.71289
1972.44,23738.75
1982.42,23718.14258
1992.43,23782.24609
2002.45,23789.39062
2012.48,23773.63672
2022.48,23746.58984
2032.5,23774.37305
2042.51,23774.37305
2052.51,23760.83984
2062.53,23746.58984
2072.55,23809.35352
2082.55,23774.37305
2092.55,23775.10742
2102.55,23765.77539
2112.56,23767.23828
2122.58,23767.23828
2132.58,23752.25977
2142.6,23775.10742
2152.61,23787.17383
2162.63,23781.50977
2172.62,23772.9043
2182.65,23795.05469
2192.64,23780.77344
2202.65,23765.77539
2212.66,23769.43555
2222.68,23739.47266
2232.69,23780.77344
2242.7,23810.10156
2252.72,23779.30273
2262.74,23781.50977
2272.76,23780.77344
2282.79,23805.92383
2292.81,23782.98242
2302.81,23804.43555
2312.82,23774.37305
2322.84,23802.20312
2332.85,23776.57617
2342.89,23832.34375
2352.89,23805.17773
2362.89,23802.94727
2372.92,23803.69141
2382.92,23807.86523
2392.93,23776.57617
2402.95,23782.98242
2412.96,23754.43945
2422.97,23782.98242
2432.99,23800.71875
2443.0,23745.86719
2452.98,23753.71289
2463.0,23780.77344
2473.02,23786.43555
2483.04,23775.10742
2493.04,23782.24609
2503.03,23780.03711
2513.03,23719.57422
2523.07,23793.57617
2533.05,23788.65039
2543.07,23780.03711
2553.09,23817.26172
2563.1,23773.63672
2573.12,23772.9043
2583.13,23752.25977
2593.15,23753.71289
2603.15,23793.57617
2613.17,23809.35352
2623.17,23787.91211
2633.2,23802.20312
2643.22,23788.65039
2653.22,23815.01758
2663.23,23810.10156
2673.23,23774.37305
2683.25,23801.46094
2693.27,23782.24609
2703.28,23760.83984
2713.31,23772.9043
2723.3,23760.11133
2733.33,23839.51758
2743.35,23809.35352
2753.38,23788.65039
2763.37,23818.75781
2773.39,23807.86523
2783.43,23810.84766
2793.42,23761.57031
2803.44,23761.57031
2813.43,23822.92188
2823.46,23804.43555
2833.47,23822.17188
2843.49,23796.53711
2853.51,23802.94727
2863.53,23852.35742
2873.56,23889.08594
2883.59,23847.45508
2893.59,23890.63086
2903.6,23852.35742
2913.64,23838.76172
2923.62,23839.51758
2933.63,23810.84766
2943.65,23817.26172
2953.68,23873.91797
2963.67,23829.33398
2973.69,23852.35742
2983.69,23830.83594
2993.71,23802.20312
3003.72,23833.09766
3013.74,23819.50586
3023.76,23845.93945
3033.75,23866.72656
3043.76,23810.84766
3053.78,23851.59766
3063.8,23833.85156
3073.83,23825.17383
3083.83,23819.50586
3093.84,23810.84766
3103.85,23897.06641
3113.88,23868.25781
3123.91,23873.91797
3133.91,23881.88477
3143.92,23916.375
3153.92,23853.12109
3163.94,23839.51758
3173.96,23875.45312
3183.96,23868.25781
3193.99,23939.62305
3203.99,23901.94922
3214.0,23839.51758
3224.02,23897.06641
3234.04,23925.16211
3244.06,23882.6543
3254.06,23889.08594
3264.08,23903.50391
3274.07,23867.49414
3284.09,23895.51758
3294.11,24004.10156
3304.12,23933.17578
3314.14,23918.7207
3324.15,23933.96289
3334.18,23912.27734
3344.19,23912.27734
3354.2,23896.29102
3364.22,23869.02344
3374.22,23860.30273
3384.24,23889.85742
3394.26,23868.25781
3404.26,23917.9375
3414.28,23852.35742
3424.29,23845.17969
3434.29,23833.09766
3444.31,23846.69727
3454.32,23867.49414
3464.34,23825.92383
3474.37,23933.96289
3484.37,23831.5918
3494.39,23861.06641
3504.39,23845.17969
3514.4,23838.76172
3524.41,23875.45312
3534.44,23851.59766
3544.44,23805.17773
3554.45,23860.30273
3564.48,23875.45312
3574.48,23874.68555
3584.52,23953.30469
3594.51,23905.05664
3604.51,23861.06641
3614.54,23874.68555
3624.57,23909.1582
3634.58,23895.51758
3644.58,23853.87891
3654.6,23897.06641
3664.61,23875.45312
3674.63,23853.87891
3684.63,23823.67383
3694.66,23860.30273
3704.65,23897.06641
3714.67,23859.54102
3724.7,23873.91797
3734.7,23855.40039
3744.72,23897.06641
3754.75,23900.39844
3764.74,23892.17773
3774.77,23880.3457
3784.77,23875.45312
3794.79,23893.96875
3804.83,23881.11328
3814.83,23869.78906
3824.85,23845.93945
3834.87,23880.3457
3844.88,23938.04492
3854.9,23844.42383
3864.89,23889.08594
3874.9,23902.72461
3884.93,23866.72656
3894.92,23898.61719
3904.94,23874.68555
3914.96,23897.06641
3924.97,23845.93945
3934.99,23881.88477
3945.0,23887.54102
3955.03,23868.25781
3965.05,23915.59375
3975.07,23881.88477
3985.09,23893.96875
3995.11,23896.29102
4005.14,23839.51758
4015.15,23873.91797
4025.14,23881.88477
4035.15,23881.88477
4045.17,23874.68555
4055.16,23893.19727
4065.16,23897.06641
4075.17,23869.02344
4085.19,23856.16211
4095.22,23904.2793
4105.2,23868.25781
4115.21,23916.375
4125.23,23896.29102
4135.24,23875.45312
4145.25,23938.83203
4155.27,23946.06641
4165.29,23923.5918
4175.31,23903.50391
4185.33,23910.7168
4195.33,23897.8418
4205.35,23983.10742
4215.37,23932.38867
4225.39,23934.75
4235.4,23896.29102
4245.42,23918.7207
4255.44,23901.94922
4265.46,23938.04492
4275.46,23865.19922
4285.46,23909.9375
4295.48,23959.75195
4305.5,23937.25586
4315.49,23926.73047
4325.51,23930.81641
4335.52,23847.45508
4345.55,23874.68555
4355.56,23848.21289
4365.58,23875.45312
4375.6,23931.60352
4385.62,23869.02344
4395.63,23860.30273
4405.64,23888.3125
4415.66,23905.05664
4425.67,23862.5918
4435.68,23883.42383
4445.7,23881.88477
4455.72,23940.41016
4465.72,23901.94922
4475.73,23896.29102
4485.72,23937.25586
4495.73,23889.85742
4505.74,23910.7168
4515.74,23960.54883
4525.75,23960.54883
4535.77,23887.54102
4545.79,23918.7207
4555.81,23866.72656
4565.84,23909.1582
4575.86,23875.45312
4585.86,23866.72656
4595.87,23891.40234
4605.89,23882.6543
4615.91,23873.91797
4625.92,23896.29102
4635.93,23895.51758
4645.95,23818.75781
4655.95,23881.11328
4665.95,23893.96875
4675.97,23887.54102
4685.96,23860.30273
4695.98,23887.54102
4705.98,23880.3457
4715.97,23865.96484
4725.99,23929.24805
4736.0,23875.45312
4746.01,23873.91797
4756.02,23873.91797
4766.05,23875.45312
4776.05,23932.38867
4786.05,23895.51758
4796.06,23854.64062
4806.06,23901.17383
4816.05,23888.3125
4826.08,23874.68555
4836.07,23889.08594
4846.1,23875.45312
4856.11,23888.3125
4866.13,23912.27734
4876.15,23924.37695
4886.18,23909.1582
4896.18,23861.82812
4906.17,23881.11328
4916.2,23853.87891
4926.19,23881.88477
4936.21,23895.51758
4946.25,23876.98828
4956.24,23877.75781
4966.25,23917.1543
4976.26,23881.11328
4986.28,23880.3457
4996.3,23901.94922
5006.32,23869.78906
5016.35,23917.9375
5026.35,23888.3125
5036.37,23861.82812
5046.37,23883.42383
5056.35,23890.63086
5066.38,23896.29102
5076.39,23902.72461
5086.41,23891.40234
5096.42,23912.27734
5106.43,23890.63086
5116.45,23849.73242
5126.45,23853.87891
5136.47,23869.02344
5146.47,23855.40039
5156.47,23862.5918
5166.5,23897.06641
5176.52,23889.08594
5186.52,23917.1543
5196.54,23868.25781
5206.56,23924.37695
5216.56,23889.85742
5226.6,23890.63086
5236.59,23888.3125
5246.6,23881.88477
5256.61,23922.81055
5266.63,23901.17383
5276.64,23917.1543
5286.66,23896.29102
5296.66,23875.45312
5306.69,23876.22266
5316.68,23897.8418
5326.69,23875.45312
5336.71,23903.50391
5346.72,23916.375
5356.73,23931.60352
5366.73,23875.45312
5376.74,23902.72461
5386.76,23890.63086
5396.77,23896.29102
5406.8,23902.72461
5416.81,23903.50391
5426.82,23882.6543
5436.85,23926.73047
5446.85,23869.78906
5456.87,23897.8418
5466.87,23939.62305
5476.87,23922.81055
5486.88,23910.7168
5496.89,23925.94531
5506.92,23897.06641
5516.92,23936.46875
5526.92,23897.06641
5536.94,23924.37695
5546.97,23916.375
5556.95,23945.27539
5566.98,23933.17578
5576.98,23903.50391
5587.0,23933.17578
5597.02,23901.94922
5607.03,23930.81641
5617.04,23962.14258
5627.05,23919.5
5637.06,23882.6543
5647.09,23917.9375
5657.1,23939.62305
5667.12,23912.27734
5677.14,23938.83203
5687.15,23890.63086
5697.17,23946.06641
5707.16,23962.14258
5717.18,23964.60742
5727.19,23967.79688
5737.21,23924.37695
5747.2,23959.75195
5757.22,23966.99805
5767.22,23902.72461
5777.24,23922.02734
5787.24,23911.49805
5797.24,23895.51758
5807.26,23919.5
5817.28,23989.56445
5827.28,23918.7207
5837.3,23940.41016
5847.33,23910.7168
5857.35,23953.30469
5867.35,23945.27539
5877.38,23890.63086
5887.41,23952.51367
5897.4,23954.89453
5907.41,23930.81641
5917.43,23904.2793
5927.42,23995.2168
5937.42,23924.37695
5947.45,23903.50391
5957.46,23931.60352
5967.48,23930.81641
5977.49,23931.60352
5987.5,23968.5957
5997.52,23947.65039
6007.54,23975.04688
6017.54,23975.04688
6027.55,23942.90625
6037.58,23930.81641
6047.58,23925.94531
6057.59,23945.27539
6067.62,23896.29102
6077.64,23917.9375
6087.65,23924.37695
6097.67,23968.5957
6107.7,23953.30469
6117.7,23938.04492
6127.71,23959.75195
6137.73,23946.85742
6147.75,23933.96289
6157.78,23933.96289
6167.77,23933.17578
6177.79,23917.9375
6187.82,23938.04492
6197.84,23947.65039
6207.85,23889.08594
6217.88,23926.73047
6227.88,23936.32617
6237.9,23946.06641
6247.9,23919.5
6257.92,23956.48438
6267.93,23938.83203
6277.95,24026.75391
6287.97,23934.75
6297.98,23946.06641
6308.02,23988.75977
6318.03,23946.85742
6328.02,23946.06641
6338.03,23917.9375
6348.05,23946.85742
6358.04,24011.37305
6368.06,24003.29102
6378.08,23983.10742
6388.1,23976.65039
6398.12,24002.48047
6408.12,24005.72266
6418.14,23961.34766
6428.14,23998.44727
6438.16,24028.39062
6448.16,23970.19336
6458.16,23991.98438
6468.19,23941.20117
6478.18,23996.83008
6488.19,23970.19336
6498.21,23996.02148
6508.2,23976.65039
6518.23,23990.37305
6528.21,24001.67188
6538.24,24022.66992
6548.25,23974.24805
6558.26,23948.44336
6568.28,23996.83008
6578.3,23983.10742
6588.32,23975.85156
6598.35,24017.02344
6608.36,24009.75
6618.37,23996.02148
6628.39,23975.85156
6638.4,24004.10156
6648.41,24002.48047
6658.43,24003.29102
6668.44,23989.56445
6678.45,23981.50195
6688.48,23983.91211
6698.48,23939.62305
6708.49,24010.5625
6718.5,23976.65039
6728.52,23976.65039
6738.55,23993.60352
6748.55,24041.33789
6758.57,24005.72266
6768.58,23988.75977
6778.61,24038.04883
6788.61,23983.10742
6798.62,24010.5625
6808.63,24004.10156
6818.65,24002.48047
6828.66,24002.48047
6838.68,23997.64062
6848.71,23997.64062
6858.71,23970.99414
6868.73,24020.28516
6878.74,24003.29102
6888.76,23991.17969
6898.76,24012.18945
6908.76,23990.37305
6918.78,23975.04688
6928.79,23997.64062
6938.79,24026.75391
6948.81,23975.85156
6958.82,24004.10156
6968.85,23956.48438
6978.85,24026.75391
6988.85,24005.72266
6998.86,24005.72266
7008.88,24013.81641
7018.89,23983.91211
7028.88,24059.92969
7038.91,24059.92969
7048.93,23998.44727
7058.94,24010.5625
7068.96,23988.75977
7078.95,24033.22266
7088.98,24011.37305
7098.97,23997.64062
7108.98,24025.11914
7119.0,24024.30078
7129.02,24004.91211
7139.03,24039.69141
7149.04,23995.2168
7159.06,23998.44727
7169.06,24027.57422
7179.08,23996.83008
7189.09,24004.91211
7199.09,24046.16211
7209.1,24033.22266
7219.11,23988.75977
7229.12,24026.75391
7239.13,24005.72266
7249.14,24010.5625
7259.16,24017.83789
7269.18,23991.17969
7279.19,24010.5625
7289.21,24046.16211
7299.23,24026.75391
7309.23,23991.98438
7319.24,24011.37305
7329.24,23983.10742
7339.26,23998.44727
7349.26,24013.0
7359.28,24005.72266
7369.31,24033.22266
7379.31,24038.86914
7389.32,24018.65234
7399.34,24013.0
7409.34,24038.04883
7419.34,24039.69141
7429.36,24035.68555
7439.37,24011.37305
7449.39,23996.83008
7459.38,24025.93359
7469.39,24013.0
7479.41,24021.10156
7489.44,24005.72266
7499.46,24045.33594
7509.47,24020.28516
7519.48,24054.2832
7529.48,24048.63672
7539.48,23965.33203
7549.51,24052.63086
7559.51,24017.02344
7569.53,24040.51562
7579.53,24035.68555
7589.54,24026.75391
7599.56,24047.81055
7609.56,24032.40234
7619.57,24013.0
7629.59,24021.10156
7639.6,23991.98438
7649.62,24061.58594
7659.64,24007.3457
7669.67,24040.51562
7679.68,24061.58594
7689.69,24069.72461
7699.7,24055.11133
7709.71,24025.93359
7719.72,24028.39062
7729.75,24049.46094
7739.76,24055.93945
7749.77,24055.11133
7759.79,24034.86523
7769.79,24013.81641
7779.8,24026.75391
7789.82,24010.5625
7799.83,23991.98438
7809.84,24032.40234
7819.86,24052.63086
7829.87,24046.16211
7839.88,23998.44727
7849.9,24091.67969
7859.92,23988.75977
7869.94,24018.65234
7879.96,24048.63672
7889.97,24048.63672
7900.0,23978.25586
7910.01,24055.11133
7920.03,24034.04492
7930.03,24039.69141
7940.03,24011.37305
7950.05,24038.86914
7960.06,24025.11914
7970.08,24003.29102
7980.1,24025.93359
7990.12,24055.93945
8000.12,24033.22266
8010.14,24063.24609
8020.15,24012.18945
8030.16,24017.83789
8040.17,24034.86523
8050.18,23996.02148
8060.2,24044.51562
8070.2,24012.18945
8080.21,24011.37305
8090.22,24041.33789
8100.22,24025.93359
8110.23,24018.65234
8120.26,24056.76758
8130.28,24085.19727
8140.31,24067.23047
8150.32,24064.07812
8160.32,24071.39062
8170.34,24077.03906
8180.36,24108.0293
8190.36,24063.24609
8200.38,24047.81055
8210.4,24061.58594
8220.4,24078.71094
8230.41,24076.20312
8240.42,24062.41406
8250.43,24079.54492
8260.46,24096.48242
8270.46,24127.50781
8280.47,24070.56055
8290.49,24090.00195
8300.5,24067.23047
8310.52,24098.16602
8320.53,24039.69141
8330.54,24067.23047
8340.56,24070.56055
8350.57,24090.00195
8360.58,24054.2832
8370.59,24085.19727
8380.6,24062.41406
8390.63,24068.89258
8400.62,24111.13477
8410.63,24104.65039
8420.64,24072.22656
8430.65,24092.51953
8440.67,24077.875
8450.68,24077.03906
8460.7,24074.53711
8470.7,24099.85156
8480.72,24077.03906
8490.74,24071.39062
8500.74,24051.11523
8510.75,24047.81055
8520.74,24105.49219
8530.75,24071.39062
8540.78,24090.83984
8550.79,24047.81055
8560.8,24055.93945
8570.83,24091.67969
8580.83,24121.01367
8590.84,24107.18555
8600.86,24038.86914
8610.88,24071.39062
8620.87,24078.71094
8630.88,24068.89258
8640.89,24049.46094
8650.9,24069.72461
8660.9,24085.19727
8670.91,24060.75586
8680.92,24077.875
8690.93,24111.13477
8700.94,24106.33789
8710.95,24106.33789
8720.97,24114.52344
8730.98,24098.16602
8740.99,24107.18555
8751.0,24086.87305
8761.0,24104.65039
8771.02,24121.01367
8781.02,24085.19727
8791.04,24143.0625
8801.05,24088.55078
8811.06,24141.34961
8821.07,24114.52344
8831.09,24126.6582
8841.1,24077.03906
8851.1,24077.03906
8861.13,24119.31641
8871.15,24092.51953
8881.18,24105.49219
8891.19,24112.82812
8901.22,24106.33789
8911.24,24108.87695
8921.25,24129.21289
8931.28,24049.46094
8941.28,24106.33789
8951.3,24077.875
8961.34,24127.50781
8971.33,24125.80664
8981.35,24085.19727
8991.37,24114.52344
9001.37,24095.04297
9011.39,24086.87305
9021.4,24072.22656
9031.41,24057.59766
9041.42,24086.0332
9051.44,24092.51953
9061.43,24108.0293
9071.45,24127.50781
9081.48,24092.51953
9091.47,24092.51953
9101.48,24127.50781
9111.49,24063.24609
9121.5,24098.16602
9131.52,24076.20312
9141.55,24068.0625
9151.56,24056.76758
9161.57,24107.18555
9171.59,24114.52344
9181.61,24126.6582
9191.64,24134.85547
9201.64,24113.67578
9211.68,24134.85547
9221.68,24086.0332
9231.68,24099.00586
9241.67,24112.82812
9251.7,24078.71094
9261.71,24094.20312
9271.73,24099.00586
9281.74,24093.36133
9291.74,24093.36133
9301.76,24150.42188
9311.77,24140.49414
9321.78,24106.33789
9331.8,24086.0332
9341.8,24106.33789
9351.82,24114.52344
9361.8,24119.31641
9371.82,24098.16602
9381.86,24100.69531
9391.85,24105.49219
9401.87,24114.52344
9411.87,24134.0
9421.88,24085.19727
9431.91,24128.36133
9441.9,24134.0
9451.91,24129.21289
9461.92,24100.69531
9471.92,24116.21875
9481.96,24114.52344
9491.95,24128.36133
9501.96,24099.00586
9511.97,24112.82812
9521.97,24091.67969
9531.97,24121.01367
9541.98,24113.67578
9551.99,24120.16602
9562.0,24089.16211
9572.02,24114.52344
9582.03,24130.06641
9592.04,24120.16602
9602.06,24155.19922
9612.08,24150.42188
9622.08,24114.52344
9632.09,24129.21289
9642.12,24151.2832
9652.13,24101.53711
9662.14,24135.70898
9672.16,24129.21289
9682.17,24136.56641
9692.18,24133.14844
9702.17,24143.0625
9712.19,24178.16211
9722.2,24120.16602
9732.23,24105.49219
9742.24,24135.70898
9752.26,24078.71094
9762.26,24099.85156
9772.28,24162.56055
9782.3,24137.42188
9792.32,24134.0
9802.35,24150.42188
9812.36,24172.52344
9822.36,24156.92383
9832.38,24128.36133
9842.39,24129.21289
9852.4,24173.39258
9862.42,24122.7168
9872.44,24137.42188
9882.43,24129.21289
9892.46,24159.51172
9902.48,24162.56055
9912.49,24183.79688
9922.52,24128.36133
9932.54,24165.15234
9942.56,24143.92383
9952.6,24129.21289
9962.6,24134.0
9972.6,24187.2832
9982.6,24199.42773
9992.62,24188.1543
10002.64,24185.53711
10012.65,24177.29297
10022.67,24135.70898
10032.68,24138.27734
10042.69,24149.5625
10052.7,24172.52344
10062.72,24152.14453
10072.73,24157.78516
10082.77,24100.69531
10092.75,24167.75195
10102.77,24122.7168
10112.78,24201.17969
10122.79,24156.06055
10132.81,24148.70312
10142.82,24143.92383
10152.84,24149.5625
10162.86,24155.19922
10172.88,24138.27734
10182.89,24130.92188
10192.92,24156.92383
10202.93,24151.2832
10212.94,24149.5625
10222.97,24108.0293
10232.96,24165.15234
10242.98,24107.18555
10252.98,24155.19922
10262.99,24122.7168
10273.0,24141.34961
10283.02,24130.06641
10293.02,24151.2832
10303.03,24149.5625
10313.06,24166.01758
10323.07,24151.2832
10333.08,24148.70312
10343.11,24164.28711
10353.09,24113.67578
10363.13,24151.2832
10373.12,24190.29883
10383.14,24213.32617
10393.15,24143.92383
10403.17,24143.0625
10413.18,24166.01758
10423.21,24179.0293
10433.2,24173.39258
10443.2,24222.48438
10453.22,24142.20508
10463.22,24164.28711
10473.23,24157.78516
10483.24,24154.33984
10493.26,24175.12891
10503.28,24174.26172
10513.28,24147.8457
10523.28,24173.39258
10533.3,24115.37109
10543.32,24150.42188
10553.33,24130.06641
10563.36,24138.27734
10573.36,24179.90039
10583.39,24170.79102
10593.39,24170.79102
10603.4,24150.42188
10613.42,24134.0
10623.42,24151.2832
10633.43,24156.92383
10643.45,24134.85547
10653.45,24225.14062
10663.47,24151.2832
10673.48,24172.52344
10683.47,24155.19922
10693.48,24157.78516
10703.5,24159.51172
10713.53,24138.27734
10723.53,24143.92383
10733.55,24134.85547
10743.54,24152.14453
10753.56,24171.6582
10763.58,24173.39258
10773.59,24208.57227
10783.61,24134.85547
10793.62,24141.34961
10803.61,24195.54297
10813.62,24186.41016
10823.63,24174.26172
10833.64,24142.20508
10843.67,24153.00391
10853.68,24199.42773
10863.67,24177.29297
10873.68,24157.78516
10883.71,24167.75195
10893.73,24202.93555
10903.72,24173.39258
10913.74,24166.88477
10923.77,24171.6582
10933.78,24231.66211
10943.8,24202.05664
10953.8,24173.39258
10963.82,24202.93555
10973.82,24181.64258
10983.84,24189.90039
10993.86,24188.1543
11003.87,24129.21289
11013.9,24188.1543
11023.89,24208.57227
11033.91,24180.77344
11043.93,24158.64844
11053.94,24181.64258
11063.95,24181.64258
11073.96,24181.64258
11083.97,24199.42773
11094.0,24215.9668
11104.0,24179.0293
11114.01,24157.78516
11124.02,24150.42188
11134.03,24180.77344
11144.04,24135.70898
11154.06,24165.15234
11164.06,24128.36133
11174.06,24170.79102
11184.07,24157.78516
11194.09,24135.70898
11204.09,24159.51172
11214.1,24135.70898
11224.12,24215.9668
11234.13,24169.92578
11244.15,24135.70898
11254.15,24181.64258
11264.18,24167.75195
11274.19,24160.375
11284.2,24171.6582
11294.21,24139.13477
11304.23,24102.38086
11314.22,24156.06055
11324.24,24167.75195
11334.25,24193.79297
11344.26,24145.63867
11354.27,24124.41992
11364.26,24175.12891
11374.28,24130.92188
11384.28,24194.66602
11394.29,24165.15234
11404.3,24150.42188
11414.3,24189.0293
11424.31,24146.49609
11434.32,24166.01758
11444.36,24108.0293
11454.38,24172.52344
11464.39,24143.0625
11474.41,24152.14453
11484.42,24109.72266
11494.44,24192.91797
11504.45,24165.15234
11514.47,24196.41797
11524.48,24201.17969
11534.48,24135.70898
11544.48,24221.60156
11554.48,24136.56641
11564.5,24189.0293
11574.51,24187.2832
11584.53,24158.64844
11594.55,24239.96484
11604.56,24173.39258
11614.59,24187.2832
11624.6,24202.93555
11634.62,24209.45117
11644.63,24223.36914
11654.62,24229.88867
11664.66,24203.81445
11674.64,24194.66602
11684.68,24187.2832
11694.68,24167.75195
11704.7,24202.93555
11714.71,24208.57227
11724.73,24208.57227
11734.74,24196.41797
11744.76,24230.77539
11754.77,24239.07422
11764.79,24219.50195
11774.78,24207.69141
11784.79,24210.33203
11794.81,24202.93555
11804.82,24202.93555
11814.83,24209.45117
11824.84,24187.2832
11834.86,24193.79297
11844.87,24166.01758
11854.89,24190.77539
11864.89,24173.39258
11874.9,24185.53711
11884.9,24216.84961
11894.92,24162.96875
11904.92,24231.66211
11914.92,24159.51172
11924.93,24230.77539
11934.95,24165.15234
11944.96,24174.26172
11954.97,24189.90039
11964.99,24179.90039
11975.03,24166.01758
11985.02,24166.88477
11995.03,24189.90039
12005.04,24143.92383
12015.05,24182.51367
12025.05,24196.41797
12035.07,24153.00391
12045.08,24158.64844
12055.1,24196.41797
12065.13,24201.17969
12075.12,24189.0293
12085.13,24204.69336
12095.14,24225.14062
12105.15,24212.09375
12115.17,24212.09375
12125.17,24160.375
12135.18,24203.81445
12145.2,24183.38477
12155.2,24172.52344
12165.21,24173.39258
12175.25,24167.75195
12185.23,24198.55078
12195.24,24209.45117
12205.26,24200.30469
12215.27,24156.06055
12225.27,24166.01758
12235.29,24150.42188
12245.3,24198.55078
12255.31,24166.88477
12265.33,24186.41016
12275.36,24165.15234
12285.36,24217.73438
12295.38,24202.05664
12305.37,24175.12891
12315.39,24182.51367
12325.42,24200.30469
12335.43,24202.05664
12345.42,24181.64258
12355.44,24166.88477
12365.45,24212.44531
12375.46,24197.29492
12385.48,24202.93555
12395.49,24182.51367
12405.53,24192.91797
12415.53,24202.05664
12425.54,24192.91797
12435.55,24159.51172
12445.56,24160.375
12455.58,24174.26172
12465.59,24130.92188
12475.6,24183.38477
12485.61,24196.41797
12495.63,24189.0293
12505.66,24151.2832
12515.66,24231.66211
12525.68,24167.75195
12535.67,24185.53711
12545.7,24181.64258
12555.73,24179.90039
12565.75,24200.30469
12575.76,24232.55078
12585.77,24169.48438
12595.78,24218.61719
12605.79,24196.41797
12615.8,24183.38477
12625.82,24226.02734
12635.83,24183.79688
12645.84,24202.05664
12655.86,24239.07422
12665.87,24192.91797
12675.89,24181.64258
12685.91,24189.90039
12695.92,24174.26172
12705.94,24201.17969
12715.95,24232.55078
12725.95,24192.91797
12735.97,24192.04492
12745.98,24239.96484
12756.01,24181.64258
12766.02,24201.17969
12776.03,24246.49023
12786.04,24253.91211
12796.06,24186.41016
12806.06,24170.79102
12816.08,24208.57227
12826.1,24159.51172
12836.1,24200.30469
12846.12,24157.78516
12856.12,24207.69141
12866.14,24200.30469
12876.15,24136.56641
12886.17,24202.05664
12896.19,24192.91797
12906.2,24210.33203
12916.23,24193.79297
12926.23,24179.90039
12936.24,24216.84961
12946.25,24230.77539
12956.26,24197.29492
12966.29,24229.00195
12976.3,24192.91797
12986.31,24188.1543
12996.32,24209.45117
13006.35,24229.00195
13016.37,24231.66211
13026.39,24225.14062
13036.4,24245.59961
13046.42,24191.65234
13056.43,24222.48438
13066.44,24216.84961
13076.43,24216.84961
13086.44,24202.05664
13096.45,24215.9668
13106.48,24194.66602
13116.5,24222.48438
13126.53,24172.52344
13136.55,24195.54297
13146.56,24192.91797
13156.58,24202.05664
13166.59,24181.64258
13176.61,24200.30469
13186.62,24231.66211
13196.63,24186.41016
13206.66,24150.42188
13216.68,24179.0293
13226.69,24223.36914
13236.7,24221.60156
13246.72,24215.9668
13256.73,24174.26172
13266.74,24238.18359
13276.76,24215.9668
13286.76,24223.36914
13296.77,24210.33203
13306.76,24157.78516
13316.76,24172.52344
13326.79,24192.91797
13336.8,24206.81445
13346.82,24170.79102
13356.81,24207.69141
13366.81,24232.55078
13376.83,24216.84961
13386.85,24187.2832
13396.86,24193.79297
13406.86,24158.64844
13416.87,24162.56055
13426.88,24151.2832
13436.91,24214.20508
13446.91,24122.7168
13456.92,24214.20508
13466.94,24142.20508
13476.95,24129.21289
13486.97,24117.06836
13496.98,24130.06641
13507.0,24187.2832
13517.02,24165.15234
13527.04,24143.0625
13537.06,24137.42188
13547.06,24194.66602
13557.08,24185.53711
13567.09,24194.66602
13577.1,24156.92383
13587.11,24171.6582
13597.12,24148.70312
13607.14,24187.2832
13617.15,24150.42188
13627.17,24149.5625
13637.18,24144.7793
13647.19,24188.1543
13657.21,24164.28711
13667.22,24192.91797
13677.23,24195.54297
13687.25,24156.92383
13697.27,24153.86719
13707.28,24169.92578
13717.28,24164.28711
13727.29,24153.00391
13737.31,24166.01758
13747.33,24170.79102
13757.35,24188.1543
13767.37,24150.42188
13777.4,24159.51172
13787.41,24185.53711
13797.42,24185.53711
13807.44,24179.0293
13817.45,24164.28711
13827.44,24179.0293
13837.45,24187.2832
13847.47,24201.17969
13857.46,24178.16211
13867.47,24138.27734
13877.5,24187.2832
13887.51,24173.39258
13897.53,24188.1543
13907.55,24255.70508
13917.56,24225.14062
13927.57,24180.77344
13937.58,24193.79297
13947.6,24201.17969
13957.63,24229.88867
13967.64,24179.90039
13977.67,24181.64258
13987.67,24217.73438
13997.69,24207.69141
14007.7,24201.17969
14017.72,24196.41797
14027.73,24252.125
14037.75,24207.69141
14047.76,24186.41016
14057.77,24230.77539
14067.78,24192.04492
14077.8,24216.84961
14087.81,24189.90039
14097.82,24226.02734
14107.84,24217.73438
14117.85,24202.93555
14127.87,24139.13477
14137.88,24209.45117
14147.89,24187.2832
14157.91,24165.15234
14167.92,24165.15234
14177.95,24238.18359
14187.95,24174.26172
14197.97,24187.2832
14207.97,24195.54297
14218.0,24212.09375
14228.01,24179.90039
14238.01,24173.39258
14248.02,24204.69336
14258.05,24188.1543
14268.07,24218.61719
14278.08,24210.33203
14288.09,24216.84961
14298.1,24180.77344
14308.12,24247.38477
14318.15,24201.17969
14328.15,24215.08789
14338.18,24208.57227
14348.19,24192.91797
14358.2,24217.73438
14368.22,24195.54297
14378.22,24188.1543
14388.25,24196.41797
14398.24,24208.57227
14408.25,24251.23047
14418.25,24208.57227
14428.26,24203.81445
14438.29,24186.41016
14448.29,24194.66602
14458.3,24202.05664
14468.32,24237.29688
14478.34,24192.91797
14488.35,24189.0293
14498.38,24180.77344
14508.4,24215.08789
14518.42,24202.05664
14528.44,24200.30469
14538.45,24239.07422
14548.49,24217.73438
14558.49,24165.15234
14568.51,24225.14062
14578.51,24186.41016
14588.51,24179.0293
14598.54,24221.60156
14608.56,24174.26172
14618.58,24261.33984
14628.61,24195.54297
14638.63,24224.25391
14648.66,24230.77539
14658.64,24239.96484
14668.66,24196.41797
14678.68,24217.73438
14688.69,24252.125
14698.69,24195.54297
14708.7,24214.20508
14718.72,24223.36914
14728.75,24210.33203
14738.75,24253.01758
14748.78,24245.59961
14758.78,24266.07031
14768.79,24226.02734
14778.81,24209.45117
14788.82,24233.4375
14798.84,24245.59961
14808.85,24266.9707
14818.87,24223.36914
14828.88,24230.77539
14838.89,24246.49023
14848.88,24217.73438
14858.9,24232.55078
14868.9,24220.38477
14878.92,24221.60156
14888.94,24251.23047
14898.96,24195.54297
14908.97,24252.125
14918.98,24253.91211
14928.99,24206.45117
14939.0,24232.55078
14949.01,24264.03516
14959.02,24262.23828
14969.03,24267.87109
14979.06,24226.91211
14989.08,24231.66211
14999.09,24287.46289
15009.12,24231.66211
15019.1,24253.01758
15029.13,24218.61719
15039.14,24305.08008
15049.16,24225.14062
15059.19,24230.77539
15069.19,24244.70703
15079.21,24263.13672
15089.22,24273.5
15099.22,24239.07422
15109.23,24230.77539
15119.25,24239.96484
15129.25,24236.40625
15139.27,24239.96484
15149.28,24254.81055
15159.3,24251.23047
15169.32,24266.9707
15179.34,24211.21484
15189.35,24259.54492
15199.37,24206.81445
15209.38,24267.87109
15219.4,24240.85742
15229.41,24234.32812
15239.42,24310.70703
15249.43,24233.4375
15259.44,24268.76953
15269.47,24236.40625
15279.46,24281.83594
15289.48,24247.38477
15299.5,24226.02734
15309.52,24233.4375
15319.54,24267.87109
15329.55,24283.64453
15339.56,24238.18359
15349.59,24247.38477
15359.61,24249.17188
15369.6,24212.09375
15379.61,24247.38477
15389.62,24254.81055
15399.64,24215.9668
15409.67,24230.77539
15419.67,24256.60352
15429.66,24202.93555
15439.69,24226.02734
15449.7,24262.23828
15459.7,24212.09375
15469.72,24238.18359
15479.71,24211.21484
15489.73,24266.9707
15499.74,24247.38477
15509.75,24260.44141
15519.78,24240.85742
15529.8,24231.66211
15539.8,24267.87109
15549.81,24259.54492
15559.82,24244.70703
15569.84,24239.96484
15579.85,24267.87109
15589.87,24210.33203
15599.89,24242.92578
15609.9,24259.54492
15619.93,24249.17188
15629.93,24245.59961
15639.93,24280.0293
15649.94,24243.81641
15659.96,24254.81055
15669.98,24264.03516
15679.99,24239.96484
15690.01,24291.08984
15700.02,24254.81055
15710.04,24290.18164
15720.03,24289.27539
15730.04,24248.2793
15740.07,24254.81055
15750.08,24253.91211
15760.09,24246.49023
15770.11,24288.36719
15780.09,24210.33203
15790.12,24261.33984
15800.12,24288.36719
15810.14,24253.91211
15820.16,24304.16797
15830.15,24259.54492
15840.18,24259.54492
15850.17,24283.64453
15860.2,24268.76953
15870.22,24256.60352
15880.22,24280.93359
15890.23,24266.9707
15900.24,24291.08984
15910.25,24297.62891
15920.26,24280.93359
15930.28,24273.5
15940.28,24298.53906
15950.29,24248.2793
15960.31,24276.20508
15970.31,24266.9707
15980.31,24268.76953
15990.34,24269.67188
16000.35,24282.74023
16010.35,24290.18164
16020.39,24282.74023
16030.39,24292.9082
16040.41,24276.20508
16050.42,24277.10938
16060.43,24261.33984
16070.42,24245.59961
16080.43,24279.125
16090.43,24253.01758
16100.45,24289.27539
16110.46,24274.40234
16120.47,24232.55078
16130.48,24289.27539
16140.5,24255.70508
16150.5,24245.59961
16160.52,24268.76953
16170.54,24267.87109
16180.55,24276.20508
16190.56,24276.20508
16200.56,24275.30273
16210.56,24282.74023
16220.58,24225.14062
16230.57,24263.13672
16240.58,24270.57227
16250.62,24290.18164
16260.62,24268.76953
16270.64,24242.63867
16280.63,24254.81055
16290.65,24276.20508
16300.67,24299.45117
16310.68,24276.20508
16320.7,24292.0
16330.72,24290.18164
16340.73,24262.23828
16350.75,24245.59961
16360.74,24290.18164
16370.75,24297.62891
16380.77,24274.40234
16390.79,24275.30273
16400.79,24248.2793
16410.8,24284.55273
16420.81,24255.70508
16430.81,24258.64844
16440.83,24282.74023
16450.86,24268.76953
16460.86,24289.27539
16470.88,24274.40234
16480.88,24244.42383
16490.89,24268.76953
16500.91,24275.30273
16510.91,24275.30273
16520.93,24274.40234
16530.94,24305.99219
16540.94,24263.13672
16550.97,24253.91211
16560.95,24260.44141
16570.97,24310.70703
16580.98,24280.93359
16590.99,24254.81055
16601.0,24280.93359
16611.02,24276.20508
16621.01,24258.64844
16631.01,24252.125
16641.04,24282.74023
16651.04,24266.9707
16661.05,24288.36719
16671.06,24268.76953
16681.07,24243.81641
16691.08,24288.36719
16701.09,24265.17383
16711.11,24228.11719
16721.13,24253.01758
16731.13,24237.29688
16741.14,24246.49023
16751.15,24275.30273
16761.17,24262.23828
16771.19,24276.20508
16781.2,24262.23828
16791.21,24270.57227
16801.22,24266.9707
16811.24,24319.99609
16821.25,24275.30273
16831.26,24334.92969
16841.28,24282.74023
16851.27,24305.99219
16861.28,24307.82031
16871.3,24282.74023
16881.3,24328.38086
16891.31,24274.40234
16901.34,24304.16797
16911.34,24350.81055
16921.38,24317.11719
16931.37,24299.45117
16941.39,24260.44141
16951.4,24267.87109
16961.39,24319.07812
16971.42,24320.91211
16981.42,24307.82031
16991.43,24277.10938
17001.45,24355.50586
17011.46,24319.07812
17021.49,24283.64453
17031.51,24315.2832
17041.5,24307.82031
17051.51,24283.64453
17061.54,24320.91211
17071.56,24342.4043
17081.57,24321.83203
17091.59,24286.36523
17101.6,24306.9082
17111.61,24296.71875
17121.61,24285.45898
17131.62,24357.36523
17141.64,24352.66797
17151.63,24318.16211
17161.65,24374.2168
17171.66,24307.82031
17181.67,24334.92969
17191.68,24338.625
17201.7,24298.53906
17211.71,24308.73438
17221.71,24318.16211
17231.72,24323.66992
17241.73,24325.62109
17251.74,24314.36719
17261.76,24336.77734
17271.77,24310.70703
17281.79,24305.99219
17291.81,24291.08984
17301.83,24305.99219
17311.85,24315.2832
17321.87,24344.25586
17331.88,24381.7207
17341.89,24328.38086
17351.92,24306.9082
17361.92,24335.85352
17371.95,24331.14648
17381.96,24315.2832
17391.98,24345.18164
17401.98,24336.77734
17411.98,24322.75195
17421.99,24337.70117
17432.02,24358.29492
17442.01,24345.18164
17452.03,24343.32812
17462.05,24306.9082
17472.04,24318.16211
17482.05,24345.18164
17492.06,24293.81836
17502.08,24369.52539
17512.07,24314.36719
17522.1,24314.36719
17532.09,24351.73828
17542.11,24344.25586
17552.13,24349.88086
17562.15,24319.07812
17572.16,24295.63672
17582.16,24334.92969
17592.19,24335.85352
17602.2,24335.85352
17612.22,24292.9082
17622.24,24359.22852
17632.25,24312.53516
17642.26,24328.38086
17652.28,24303.25391
17662.29,24326.54102
17672.31,24349.88086
17682.31,24353.59961
17692.32,24330.22266
17702.35,24329.30273
17712.36,24352.66797
17722.38,24350.81055
17732.41,24351.73828
17742.4,24352.66797
17752.4,24376.0918
17762.42,24360.16016
17772.42,24379.8418
17782.43,24359.22852
17792.45,24359.22852
17802.45,24346.10938
17812.46,24350.81055
17822.47,24338.625
17832.49,24352.66797
17842.51,24350.81055
17852.51,24347.03906
17862.52,24335.85352
17872.55,24363.91992
17882.53,24365.78516
17892.56,24338.625
17902.56,24423.01367
17912.58,24350.81055
17922.59,24344.25586
17932.6,24336.77734
17942.62,24326.54102
17952.63,24340.55273
17962.64,24348.95508
17972.67,24377.96484
17982.7,24340.55273
17992.71,24343.32812
18002.73,24342.4043
18012.75,24340.55273
18022.77,24336.77734
18032.78,24344.25586
18042.78,24329.30273
18052.8,24351.73828
18062.81,24354.57617
18072.82,24371.4082
18082.81,24343.32812
18092.84,24322.75195
18102.86,24314.36719
18112.89,24315.2832
18122.92,24315.2832
18132.93,24326.54102
18142.95,24298.53906
18152.96,24304.16797
18163.0,24306.9082
18172.99,24319.07812
18183.01,24337.70117
18193.01,24335.85352
18203.03,24327.45898
18213.03,24314.36719
18223.05,24328.38086
18233.07,24351.73828
18243.07,24313.45117
18253.08,24314.36719
18263.11,24356.43359
18273.13,24335.85352
18283.12,24370.47461
18293.14,24337.70117
18303.14,24380.7793
18313.17,24349.88086
18323.18,24348.02734
18333.18,24364.85156
18343.2,24343.32812
18353.22,24362.98633
18363.23,24360.16016
18373.25,24359.22852
18383.25,24355.50586
18393.26,24335.85352
18403.28,24363.91992
18413.29,24342.4043
18423.31,24349.88086
18433.34,24345.18164
18443.36,24356.43359
18453.39,24334.92969
18463.4,24340.55273
18473.42,24314.36719
18483.43,24357.36523
18493.44,24336.77734
18503.45,24326.54102
18513.46,24334.00586
18523.49,24305.99219
18533.48,24305.08008
18543.49,24315.2832
18553.51,24365.78516
18563.51,24350.81055
18573.52,24341.47852
18583.55,24349.88086
18593.56,24351.73828
18603.58,24320.91211
18613.61,24354.57617
18623.62,24334.92969
18633.62,24364.85156
18643.62,24307.82031
18653.64,24329.30273
18663.66,24322.75195
18673.68,24313.45117
18683.69,24277.10938
18693.7,24305.99219
18703.72,24292.9082
18713.73,24381.7207
18723.74,24369.53906
18733.75,24371.4082
18743.77,24371.4082
18753.77,24342.4043
18763.78,24280.72852
18773.81,24305.08008
18783.82,24320.91211
18793.86,24281.83594
18803.88,24309.79102
18813.87,24305.99219
18823.88,24333.08594
18833.89,24347.09961
18843.93,24312.53516
18853.93,24334.00586
18863.94,24290.18164
18873.95,24319.99609
18883.96,24320.91211
18893.98,24299.45117
18903.97,24342.4043
18913.98,24327.45898
18924.0,24348.02734
18934.02,24326.54102
18944.02,24305.08008
18954.05,24305.99219
18964.04,24339.63086
18974.06,24274.40234
18984.08,24304.16797
18994.1,24297.62891
19004.11,24341.47852
19014.12,24328.38086
19024.13,24329.30273
19034.16,24310.70703
19044.18,24334.00586
19054.19,24335.85352
19064.21,24317.11719
19074.24,24388.28516
19084.23,24363.91992
19094.25,24350.81055
19104.26,24349.88086
19114.29,24285.45898
19124.29,24349.88086
19134.3,24291.08984
19144.28,24336.77734
19154.29,24373.28125
19164.31,24328.38086
19174.32,24315.2832
19184.33,24328.38086
19194.35,24292.9082
19204.38,24320.91211
19214.4,24320.91211
19224.41,24345.18164
19234.42,24345.18164
19244.44,24351.73828
19254.45,24357.36523
19264.49,24290.18164
19274.48,24311.48242
19284.51,24322.75195
19294.52,24320.91211
19304.54,24322.75195
19314.55,24338.625
19324.55,24350.81055
19334.58,24334.92969
19344.6,24359.22852
19354.6,24381.7207
19364.63,24338.625
19374.64,24357.36523
19384.66,24350.81055
19394.67,24312.53516
19404.69,24331.14648
19414.7,24300.36328
19424.7,24291.08984
19434.71,24350.81055
19444.71,24326.54102
19454.73,24329.30273
19464.75,24334.92969
19474.76,24327.45898
19484.78,24341.47852
19494.79,24290.18164
19504.8,24354.57617
19514.81,24377.0293
19524.83,24316.20117
19534.83,24358.29492
19544.86,24345.18164
19554.85,24334.92969
19564.87,24330.22266
19574.87,24401.41406
19584.87,24329.30273
19594.88,24344.25586
19604.89,24363.91992
19614.91,24319.07812
19624.93,24366.7207
19634.95,24373.28125
19644.96,24335.85352
19654.97,24341.47852
19664.98,24296.54883
19674.99,24328.38086
19685.0,24322.75195
19695.02,24350.81055
19705.05,24362.98633
19715.07,24358.29492
19725.06,24350.81055
19735.07,24321.83203
19745.08,24346.10938
19755.08,24344.25586
19765.09,24402.35938
19775.1,24314.36719
19785.11,24343.32812
19795.13,24393.9043
19805.15,24341.47852
19815.16,24361.0918
19825.17,24393.9043
19835.18,24352.66797
19845.2,24321.83203
19855.22,24367.6543
19865.21,24374.2168
19875.22,24366.7207
19885.24,24345.18164
19895.24,24350.81055
19905.26,24396.73828
19915.26,24379.8418
19925.29,24358.29492
19935.29,24359.22852
19945.31,24321.83203
19955.34,24381.7207
19965.34,24334.92969
19975.35,24306.9082
19985.37,24352.66797
19995.37,24321.83203
20005.39,24365.78516
20015.41,24300.36328
20025.42,24302.18555
20035.41,24334.00586
20045.43,24344.25586
20055.44,24345.18164
20065.44,24386.40234
20075.46,24352.66797
20085.47,24324.5918
20095.49,24345.18164
20105.51,24346.10938
20115.51,24329.30273
20125.52,24343.32812
20135.53,24355.50586
20145.53,24342.4043
20155.54,24319.07812
20165.56,24348.02734
20175.59,24330.22266
20185.61,24365.78516
20195.59,24349.88086
20205.61,24301.27344
20215.61,24292.9082
20225.6,24332.99219
20235.62,24273.2793
20245.63,24379.8418
20255.63,24355.46094
20265.65,24379.8418
20275.66,24368.58984
20285.68,24369.52539
20295.7,24336.77734
20305.7,24372.34375
20315.72,24410.82422
20325.73,24392.05469
20335.75,24375.15625
20345.77,24352.66797
20355.77,24405.20117
20365.8,24361.0918
20375.81,24343.32812
20385.84,24367.6543
20395.86,24404.25586
20405.88,24409.875
20415.9,24382.6582
20425.92,24357.36523
20435.94,24403.30664
20445.95,24358.29492
20455.98,24418.3457
20465.97,24411.77344
20475.98,24360.16016
20486.0,24361.0918
20495.99,24395.79102
20506.0,24388.28516
20516.02,24381.7207
20526.02,24389.22656
20536.03,24343.32812
20546.04,24364.85156
20556.06,24403.30664
20566.07,24376.0918
20576.07,24367.6543
20586.1,24397.68359
20596.12,24376.0918
20606.13,24391.11328
20616.14,24394.84961
20626.16,24381.7207
20636.19,24372.34375
20646.2,24336.77734
20656.21,24365.78516
20666.23,24351.73828
20676.25,24393.9043
20686.25,24366.7207
20696.27,24379.8418
20706.28,24340.47852
20716.3,24379.8418
20726.31,24365.78516
20736.33,24377.96484
20746.34,24394.84961
20756.34,24376.0918
20766.36,24347.03906
20776.37,24388.28516
20786.39,24354.5293
20796.39,24361.0918
20806.41,24389.22656
20816.43,24360.16016
20826.46,24344.25586
20836.48,24390.16992
20846.51,24393.0
20856.52,24369.53906
20866.54,24341.40234
20876.53,24349.88086
20886.55,24381.7207
20896.56,24400.46875
20906.57,24375.15625
20916.58,24400.46875
20926.61,24395.79102
20936.62,24407.97852
20946.64,24381.7207
20956.65,24374.2168
20966.67,24396.73828
20976.67,24391.11328
20986.67,24399.52539
20996.69,24362.02539
21006.72,24402.35938
21016.73,24396.73828
21026.72,24397.68359
21036.73,24404.25586
21046.74,24455.06445
21056.76,24382.6582
21066.77,24389.22656
21076.78,24348.89648
21086.79,24367.6543
21096.81,24419.30078
21106.83,24409.875
21116.84,24382.6582
21126.86,24367.6543
21136.86,24373.28125
21146.88,24367.6543
21156.89,24390.16992
21166.89,24402.35938
21176.9,24344.25586
21186.92,24377.03125
21196.95,24368.58984
21206.95,24344.25586
21216.96,24395.79102
21226.96,24352.66797
21236.97,24390.16992
21246.98,24395.79102
21256.99,24373.28125
21267.01,24383.59961
21277.03,24365.78516
21287.04,24419.30078
21297.06,24402.35938
21307.08,24396.73828
21317.1,24373.28125
21327.08,24388.28516
21337.09,24356.43359
21347.11,24394.84961
21357.12,24404.25586
21367.14,24348.95508
21377.14,24372.34375
21387.16,24403.30664
21397.17,24393.9043
21407.18,24372.34375
21417.2,24394.84961
21427.21,24373.28125
21437.22,24454.09961
21447.25,24380.7793
21457.25,24387.3418
21467.26,24354.5293
21477.28,24345.18164
21487.29,24390.16992
21497.3,24340.47852
21507.31,24386.40234
21517.34,24395.79102
21527.34,24386.40234
21537.35,24408.92578
21547.36,24348.95508
21557.37,24381.7207
21567.39,24403.30664
21577.41,24395.79102
21587.42,24374.2168
21597.44,24405.20117
21607.47,24374.2168
21617.46,24402.35938
21627.46,24353.59961
21637.49,24357.36523
21647.49,24419.30078
21657.51,24359.22852
21667.54,24388.28516
21677.55,24389.22656
21687.57,24382.6582
21697.59,24404.25586
21707.6,24368.58984
21717.61,24407.09766
21727.63,24396.73828
21737.64,24420.25195
21747.65,24374.2168
21757.66,24396.73828
21767.69,24381.7207
21777.68,24382.6582
21787.71,24382.6582
21797.71,24345.18164
21807.72,24383.59961
21817.73,24404.25586
21827.73,24403.30664
21837.74,24366.7207
21847.76,24392.96484
21857.78,24388.28516
21867.78,24368.58984
21877.79,24367.6543
21887.81,24351.73828
21897.82,24376.0918
21907.84,24382.6582
21917.86,24405.20117
21927.87,24419.30078
21937.87,24381.7207
21947.88,24388.28516
21957.89,24374.2168
21967.91,24406.15039
21977.91,24446.55859
21987.92,24402.35938
21997.95,24396.73828
22007.97,24398.62891
22017.97,24412.72461
22027.99,24404.25586
22038.0,24390.16992
22048.01,24394.84961
22058.03,24395.79102
22068.05,24371.4082
22078.06,24393.9043
22088.06,24367.6543
22098.08,24412.72461
22108.08,24406.15039
22118.09,24380.7793
22128.11,24417.39648
22138.11,24387.3418
22148.12,24388.28516
22158.13,24419.30078
22168.11,24404.25586
22178.14,24374.2168
22188.15,24380.7793
22198.16,24402.35938
22208.18,24425.875
22218.18,24409.875
22228.2,24405.20117
22238.2,24396.73828
22248.21,24433.4043
22258.23,24417.39648
22268.24,24358.29492
22278.26,24359.22852
22288.27,24416.44336
22298.28,24416.44336
22308.29,24433.4043
22318.31,24389.22656
22328.31,24382.6582
22338.33,24405.20117
22348.35,24390.16992
22358.37,24403.30664
22368.39,24409.875
22378.4,24430.53711
22388.42,24411.77344
22398.44,24408.92578
22408.46,24401.41406
22418.47,24433.4043
22428.48,24378.90234
22438.49,24425.875
22448.5,24405.20117
22458.5,24362.95703
22468.52,24389.22656
22478.53,24397.68359
22488.55,24399.57422
22498.54,24442.86328
22508.55,24418.3457
22518.56,24404.25586
22528.58,24417.39648
22538.59,24419.30078
22548.59,24433.4043
22558.62,24390.16992
22568.63,24410.82422
22578.65,24373.28125
22588.67,24405.20117
22598.68,24415.49219
22608.68,24362.95703
22618.69,24408.92578
22628.7,24424.91992
22638.73,24359.22852
22648.74,24394.84961
22658.74,24403.30664
22668.76,24417.39648
22678.77,24410.82422
22688.79,24418.3457
22698.79,24455.06445
22708.8,24404.25586
22718.82,24392.96484
22728.84,24359.22852
22738.86,24375.15625
22748.87,24437.10938
22758.88,24395.79102
22768.87,24388.28516
22778.89,24376.0918
22788.89,24366.7207
22798.91,24331.14648
22808.92,24393.9043
22818.94,24419.30078
22828.95,24374.2168
22838.97,24396.73828
22848.98,24374.2168
22859.0,24358.29492
22869.01,24394.84961
22879.03,24364.85156
22889.04,24408.92578
22899.06,24378.90234
22909.08,24400.46875
22919.09,24353.59961
22929.11,24410.82422
22939.11,24423.9668
22949.12,24375.15625
22959.15,24410.82422
22969.14,24390.16992
22979.16,24365.78516
22989.16,24373.28125
22999.19,24411.77344
23009.18,24433.4043
23019.21,24364.85156
23029.21,24439.98242
23039.22,24410.82422
23049.24,24387.3418
23059.26,24409.875
23069.29,24411.77344
23079.3,24397.68359
23089.31,24401.41406
23099.33,24440.94141
23109.35,24409.875
23119.36,24417.39648
23129.39,24410.82422
23139.4,24405.20117
23149.41,24402.35938
23159.42,24406.15039
23169.44,24446.55859
23179.45,24418.3457
23189.46,24423.9668
23199.48,24405.20117
23209.49,24439.98242
23219.51,24425.875
23229.54,24381.7207
23239.56,24372.34375
23249.57,24403.30664
23259.57,24425.875
23269.59,24434.36523
23279.6,24448.48438
23289.61,24411.77344
23299.62,24403.30664
23309.64,24389.22656
23319.65,24398.62891
23329.66,24395.79102
23339.68,24433.4043
23349.69,24377.03125
23359.72,24402.35938
23369.74,24396.73828
23379.74,24389.22656
23389.77,24440.94141
23399.77,24423.9668
23409.78,24431.49219
23419.78,24425.875
23429.78,24379.8418
23439.8,24382.6582
23449.81,24390.16992
23459.82,24405.20117
23469.83,24408.92578
23479.84,24429.58203
23489.86,24395.79102
23499.87,24395.79102
23509.9,24408.92578
23519.91,24426.82812
23529.92,24423.01367
23539.94,24402.35938
23549.93,24396.73828
23559.95,24393.0
23569.96,24404.25586
23579.98,24397.68359
23589.99,24393.9043
23600.01,24398.62891
23610.02,24453.13672
23620.04,24417.39648
23630.06,24424.91992
23640.09,24468.22852
23650.09,24412.72461
23660.1,24380.7793
23670.12,24405.20117
23680.14,24426.82812
23690.17,24401.41406
23700.19,24419.30078
23710.18,24425.875
23720.19,24431.49219
23730.2,24416.44336
23740.22,24408.92578
23750.22,24439.98242
23760.24,24470.16602
23770.25,24384.54102
23780.26,24463.58008
23790.27,24441.9043
23800.28,24433.4043
23810.3,24431.49219
23820.32,24381.7207
23830.33,24377.9707
23840.34,24463.58008
23850.35,24442.86328
23860.36,24424.91992
23870.37,24461.64648
23880.39,24381.7207
23890.41,24418.3457
23900.41,24379.8418
23910.4,24406.15039
23920.43,24416.44336
23930.44,24441.9043
23940.46,24435.32227
23950.45,24461.64648
23960.46,24399.57422
23970.47,24417.39648
23980.49,24396.73828
23990.5,24441.9043
24000.52,24382.6582
24010.55,24387.3418
24020.55,24407.97852
24030.54,24425.875
24040.55,24397.68359
24050.55,24419.30078
24060.57,24417.39648
24070.59,24423.9668
24080.6,24421.20508
24090.62,24439.02344
24100.64,24427.78516
24110.66,24419.30078
24120.68,24392.05469
24130.68,24468.22852
24140.68,24446.55859
24150.7,24424.91992
24160.73,24419.30078
24170.75,24381.7207
24180.76,24404.25586
24190.77,24440.94141
24200.8,24419.30078
24210.82,24440.94141
24220.84,24397.68359
24230.86,24390.16992
24240.85,24410.82422
24250.87,24433.4043
24260.89,24439.98242
24270.9,24418.3457
24280.92,24410.82422
24290.94,24408.92578
24300.97,24372.34375
24310.97,24426.82812
24320.98,24447.52148
24331.0,24405.20117
24341.01,24423.9668
24351.01,24383.59961
24361.01,24391.11328
24371.01,24395.79102
24381.03,24393.9043
24391.04,24465.51758
24401.06,24362.95703
24411.07,24476.75
24421.09,24417.39648
24431.11,24401.41406
24441.11,24396.73828
24451.12,24433.4043
24461.13,24396.73828
24471.16,24411.77344
24481.15,24418.3457
24491.17,24426.82812
24501.17,24384.54102
24511.18,24439.98242
24521.19,24434.36523
24531.2,24424.91992
24541.22,24408.92578
24551.21,24427.78516
24561.24,24424.91992
24571.24,24417.39648
24581.25,24451.37305
24591.27,24397.68359
24601.29,24395.79102
24611.28,24390.16992
24621.3,24407.09766
24631.34,24380.7793
24641.33,24432.44922
24651.34,24395.79102
24661.36,24454.09961
24671.39,24449.44727
24681.41,24427.78516
24691.43,24447.52148
24701.42,24404.25586
24711.43,24410.82422
24721.44,24433.4043
24731.45,24418.3457
24741.47,24438.06445
24751.47,24424.91992
24761.5,24451.37305
24771.49,24425.875
24781.53,24420.25195
24791.51,24418.3457
24801.53,24385.48242
24811.54,24387.36719
24821.55,24426.82812
24831.57,24428.74219
24841.57,24418.3457
24851.58,24388.28516
24861.59,24418.3457
24871.61,24424.91992
24881.62,24416.44336
24891.65,24411.77344
24901.66,24377.03125
24911.67,24405.20117
24921.69,24419.30078
24931.7,24397.68359
24941.72,24427.78516
24951.72,24396.73828
24961.72,24405.20117
24971.75,24426.82812
24981.75,24423.9668
24991.76,24433.4043
25001.79,24397.68359
25011.78,24397.68359
25021.81,24413.67383
25031.82,24396.73828
25041.83,24448.48438
25051.83,24431.49219
25061.86,24404.25586
25071.86,24418.3457
25081.87,24416.44336
25091.88,24440.94141
25101.9,24426.82812
25111.92,24390.16992
25121.91,24467.25977
25131.93,24447.52148
25141.95,24411.77344
25151.98,24426.82812
25161.97,24425.875
25172.0,24410.82422
25182.02,24403.30664
25192.04,24439.98242
25202.04,24423.9668
25212.06,24433.4043
25222.07,24499.44336
25232.08,24412.72461
25242.09,24396.73828
25252.11,24440.94141
25262.11,24427.78516
25272.12,24440.94141
25282.13,24462.61133
25292.15,24454.09961
25302.17,24439.98242
25312.17,24452.17383
25322.2,24420.25195
25332.21,24453.13672
25342.23,24449.44727
25352.26,24498.46289
25362.26,24423.01367
25372.28,24405.20117
25382.29,24408.92578
25392.31,24414.54492
25402.32,24420.25195
25412.34,24444.78516
25422.35,24450.41016
25432.37,24406.15039
25442.39,24425.875
25452.41,24483.33594
25462.4,24454.09961
25472.41,24419.30078
25482.42,24476.75
25492.44,24427.78516
25502.45,24441.9043
25512.48,24434.36523
25522.47,24440.94141
25532.5,24442.86328
25542.52,24420.25195
25552.55,24441.9043
25562.54,24426.82812
25572.55,24449.44727
25582.57,24468.22852
25592.59,24449.44727
25602.59,24446.55859
25612.6,24509.96484
25622.61,24456.99609
25632.63,24433.4043
25642.64,24439.98242
25652.65,24441.9043
25662.68,24396.73828
25672.69,24415.58008
25682.7,24425.875
25692.72,24478.69531
25702.74,24441.9043
25712.76,24418.3457
25722.77,24381.7207
25732.79,24425.875
25742.79,24405.20117
25752.81,24439.02344
25762.85,24428.74219
25772.85,24375.15625
25782.87,24435.32227
25792.89,24412.72461
25802.9,24426.82812
25812.9,24437.24023
25822.92,24399.57422
25832.91,24420.25195
25842.92,24422.16016
25852.94,24425.875
25862.96,24434.36523
25872.96,24420.25195
25882.96,24456.0293
25892.96,24381.7207
25902.98,24436.2793
25913.0,24413.67383
25923.02,24449.44727
25933.02,24457.96094
25943.04,24456.99609
25953.05,24484.30859
25963.08,24456.0293
25973.11,24409.875
25983.1,24418.3457
25993.12,24397.68359
26003.13,24432.44922
26013.16,24436.2793
26023.17,24418.3457
26033.19,24433.4043
26043.21,24438.06445
26053.2,24438.06445
26063.2,24425.875
26073.21,24441.9043
26083.22,24438.06445
26093.23,24420.25195
26103.26,24455.06445
26113.28,24427.78516
26123.31,24439.98242
26133.3,24451.21094
26143.33,24461.64648
26153.34,24423.9668
26163.36,24439.02344
26173.37,24398.62891
26183.38,24447.52148
26193.39,24425.875
26203.4,24439.98242
26213.41,24486.25977
26223.42,24421.20508
26233.45,24391.11328
26243.46,24439.98242
26253.47,24435.32227
26263.47,24440.94141
26273.48,24420.25195
26283.5,24439.02344
26293.52,24462.61133
26303.53,24406.15039
26313.55,24441.9043
26323.54,24429.69727
26333.55,24461.64648
26343.57,24449.44727
26353.56,24426.82812
26363.58,24492.85156
26373.62,24435.32227
26383.63,24405.20117
26393.65,24467.25977
26403.67,24419.30078
26413.66,24416.44336
26423.68,24425.875
26433.68,24425.875
26443.68,24411.77344
26453.69,24403.30664
26463.69,24445.59961
26473.71,24426.82812
26483.73,24423.01367
26493.74,24448.48438
26503.74,24408.92578
26513.75,24446.55859
26523.76,24446.55859
26533.78,24433.4043
26543.8,24416.44336
26553.82,24402.35938
26563.83,24433.4043
26573.85,24408.92578
26583.87,24440.94141
26593.89,24468.22852
26603.89,24421.20508
26613.89,24437.24023
26623.9,24434.36523
26633.91,24456.99609
26643.94,24424.91992
26653.95,24419.30078
26663.95,24436.2793
26673.98,24433.4043
26683.99,24440.94141
26694.01,24454.09961
26704.03,24454.09961
26714.02,24427.78516
26724.05,24461.64648
26734.04,24446.55859
26744.05,24447.52148
26754.09,24426.82812
26764.09,24447.52148
26774.09,24461.64648
26784.1,24484.30859
26794.14,24464.54883
26804.16,24427.78516
26814.18,24454.09961
26824.19,24471.13281
26834.2,24424.91992
26844.22,24462.61133
26854.22,24424.91992
26864.24,24448.48438
26874.26,24462.61133
26884.28,24446.55859
26894.29,24438.06445
26904.32,24425.875
26914.33,24449.44727
26924.33,24412.72461
26934.35,24462.61133
26944.38,24427.78516
26954.37,24419.30078
26964.38,24424.91992
26974.38,24450.41016
26984.4,24425.875
26994.42,24426.82812
27004.43,24403.30664
27014.44,24430.53711
27024.44,24410.82422
27034.45,24425.875
27044.46,24417.39648
27054.47,24461.64648
27064.49,24455.06445
27074.52,24427.78516
27084.53,24410.82422
27094.55,24432.44922
27104.55,24444.78516
27114.57,24418.3457
27124.59,24384.54102
27134.63,24396.73828
27144.61,24446.55859
27154.63,24405.20117
27164.64,24439.02344
27174.66,24469.19531
27184.66,24426.82812
27194.66,24434.36523
27204.69,24411.77344
27214.7,24404.25586
27224.73,24397.68359
27234.72,24442.86328
27244.74,24432.44922
27254.75,24463.58008
27264.76,24426.82812
27274.77,24417.39648
27284.79,24445.59961
27294.8,24453.13672
27304.81,24440.94141
27314.82,24438.06445
27324.85,24396.73828
27334.87,24433.4043
27344.89,24460.67969
27354.9,24430.53711
27364.9,24452.17383
27374.92,24501.40234
27384.94,24456.0293
27394.96,24448.48438
27404.98,24440.94141
27414.99,24437.10938
27425.0,24455.06445
27435.02,24431.49219
27445.03,24432.44922
27455.05,24433.4043
27465.05,24455.06445
27475.08,24449.44727
27485.09,24473.07812
27495.09,24487.23633
27505.1,24474.04883
27515.11,24412.72461
27525.12,24443.82617
27535.13,24455.06445
27545.14,24476.75
27555.17,24461.64648
27565.16,24475.7793
27575.17,24438.06445
27585.16,24492.85156
27595.19,24458.75
27605.2,24473.07812
27615.22,24432.44922
27625.24,24398.62891
27635.26,24444.78516
27645.25,24420.25195
27655.27,24440.94141
27665.25,24449.44727
27675.26,24455.06445
27685.28,24433.4043
27695.32,24495.78516
27705.32,24458.92773
27715.34,24463.58008
27725.34,24473.07812
27735.36,24442.86328
27745.37,24469.19531
27755.38,24496.50586
27765.4,24457.96094
27775.41,24434.36523
27785.43,24459.71289
27795.43,24410.82422
27805.44,24423.01367
27815.46,24464.54883
27825.47,24476.75
27835.48,24472.10742
27845.48,24476.75
27855.51,24433.4043
27865.51,24427.78516
27875.53,24451.37305
27885.55,24411.77344
27895.54,24464.54883
27905.57,24448.48438
27915.57,24480.64258
27925.59,24420.25195
27935.58,24449.44727
27945.61,24491.87305
27955.61,24456.99609
27965.62,24471.13281
27975.64,24448.48438
27985.64,24411.77344
27995.65,24462.61133
28005.66,24449.44727
28015.67,24456.99609
28025.7,24436.2793
28035.73,24450.41016
28045.73,24426.82812
28055.75,24446.55859
28065.75,24436.2793
28075.76,24490.89648
28085.77,24428.74219
28095.78,24464.54883
28105.81,24463.58008
28115.84,24425.875
28125.86,24441.9043
28135.86,24475.7793
28145.86,24434.36523
28155.88,24455.06445
28165.89,24407.09766
28175.88,24486.25977
28185.9,24417.39648
28195.92,24456.99609
28205.94,24440.94141
28215.96,24474.04883
28225.97,24434.36523
28235.99,24487.23633
28246.0,24462.61133
28256.02,24480.64258
28266.03,24461.64648
28276.05,24487.23633
28286.06,24446.55859
28296.08,24456.0293
28306.07,24472.10742
28316.09,24439.98242
28326.1,24443.82617
28336.12,24485.2832
28346.13,24446.55859
28356.16,24439.02344
28366.16,24404.25586
28376.18,24449.44727
28386.2,24455.06445
28396.23,24478.69531
28406.25,24433.4043
28416.27,24460.67969
28426.28,24455.06445
28436.29,24409.875
28446.29,24446.55859
28456.31,24469.19531
28466.32,24420.25195
28476.33,24426.82812
28486.34,24475.7793
28496.37,24424.91992
28506.38,24452.17383
28516.39,24453.13672
28526.41,24462.61133
28536.43,24433.4043
28546.43,24442.86328
28556.46,24430.53711
28566.46,24439.98242
28576.45,24450.41016
28586.47,24448.48438
28596.48,24440.94141
28606.5,24460.67969
28616.53,24440.94141
28626.52,24444.63867
28636.53,24431.49219
28646.56,24418.3457
28656.54,24434.36523
28666.57,24420.25195
28676.59,24434.36523
28686.58,24427.78516
28696.6,24484.30859
28706.61,24446.55859
28716.62,24437.10938
28726.63,24463.58008
28736.66,24445.59961
28746.65,24430.53711
28756.67,24410.82422
28766.69,24431.49219
28776.7,24445.75
28786.73,24432.44922
28796.75,24436.2793
28806.76,24446.55859
28816.78,24440.94141
28826.8,24418.3457
28836.84,24440.94141
28846.83,24425.875
28856.84,24433.4043
28866.87,24449.44727
28876.89,24445.59961
28886.9,24425.875
28896.9,24405.20117
28906.9,24434.36523
28916.91,24450.41016
28926.93,24461.64648
28936.94,24456.99609
28946.95,24439.02344
28956.97,24435.32227
28966.98,24459.71289
28976.98,24439.98242
28986.98,24444.63867
28996.99,24489.18945
29007.0,24441.9043
29017.03,24427.78516
29027.02,24366.7207
29037.05,24500.42188
29047.05,24434.36523
29057.04,24506.0332
29067.07,24477.7207
29077.08,24442.86328
29087.1,24441.9043
29097.11,24444.63867
29107.12,24455.06445
29117.13,24468.22852
29127.14,24435.32227
29137.14,24446.55859
29147.15,24439.98242
29157.17,24450.41016
29167.19,24446.55859
29177.2,24455.06445
29187.22,24432.44922
29197.21,24462.61133
29207.23,24447.52148
29217.25,24461.64648
29227.29,24483.33594
29237.28,24469.19531
29247.29,24448.48438
29257.31,24424.91992
29267.33,24439.02344
29277.34,24462.61133
29287.36,24459.71289
29297.37,24448.48438
29307.39,24483.33594
29317.42,24434.36523
29327.42,24456.99609
29337.44,24433.4043
29347.46,24454.09961
29357.48,24454.09961
29367.47,24426.82812
29377.5,24418.3457
29387.53,24447.52148
29397.51,24422.16016
29407.53,24457.96094
29417.55,24447.52148
29427.57,24440.94141
29437.59,24418.3457
29447.59,24435.32227
29457.61,24424.91992
29467.61,24425.875
29477.64,24442.86328
29487.65,24429.69727
29497.67,24457.96094
29507.68,24429.69727
29517.71,24448.48438
29527.73,24420.25195
29537.75,24412.72461
29547.78,24470.16602
29557.78,24434.36523
29567.79,24422.16016
29577.8,24432.44922
29587.82,24427.78516
29597.84,24447.52148
29607.84,24456.0293
29617.86,24460.67969
29627.89,24456.0293
29637.9,24440.94141
29647.93,24439.98242
29657.92,24472.10742
29667.94,24440.94141
29677.94,24436.2793
29687.95,24463.58008
29697.97,24441.9043
29707.98,24411.77344
29717.99,24439.98242
29728.0,24425.875
29738.02,24430.53711
29748.03,24442.86328
29758.05,24410.82422
29768.04,24465.51758
29778.06,24447.52148
29788.07,24478.69531
29798.08,24411.77344
29808.08,24411.77344
29818.09,24433.4043
29828.11,24488.21289
29838.12,24455.06445
29848.13,24456.99609
29858.13,24442.86328
29868.15,24439.98242
29878.15,24419.30078
29888.17,24432.44922
29898.2,24473.07812
29908.22,24415.49219
29918.25,24441.9043
29928.25,24484.30859
29938.26,24449.44727
29948.27,24454.09961
29958.3,24433.4043
29968.3,24411.77344
29978.33,24439.98242
29988.32,24463.58008
29998.31,24454.09961
30008.34,24469.19531
30018.35,24387.36719
30028.37,24456.99609
30038.37,24449.44727
30048.39,24503.36523
30058.39,24436.2793
30068.41,24440.94141
30078.41,24456.0293
30088.44,24433.4043
30098.45,24469.19531
30108.47,24456.99609
30118.48,24411.77344
30128.5,24419.30078
30138.51,24446.55859
30148.52,24436.2793
30158.54,24422.16016
30168.56,24420.25195
30178.56,24419.30078
30188.59,24434.36523
30198.61,24450.41016
30208.63,24450.41016
30218.62,24414.62695
30228.64,24426.82812
30238.65,24434.36523
30248.66,24447.52148
30258.68,24404.25586
30268.68,24463.58008
30278.69,24427.78516
30288.68,24419.30078
30298.71,24434.36523
30308.71,24456.0293
30318.73,24440.94141
30328.74,24447.52148
30338.75,24425.875
30348.78,24477.7207
30358.77,24440.94141
30368.8,24454.09961
30378.79,24441.9043
30388.8,24431.49219
30398.82,24428.74219
30408.84,24428.74219
30418.85,24436.2793
30428.86,24473.07812
30438.87,24479.66992
30448.9,24462.61133
30458.91,24468.22852
30468.93,24434.36523
30478.94,24448.48438
30488.96,24410.82422
30498.97,24487.23633
30508.98,24456.0293
30518.99,24493.82812
30529.0,24472.10742
30539.01,24419.30078
30549.02,24457.96094
30559.03,24435.32227
30569.04,24463.58008
30579.05,24419.30078
30589.07,24433.4043
30599.07,24492.85156
30609.1,24474.04883
30619.08,24456.99609
30629.11,24463.58008
30639.12,24403.30664
30649.14,24442.86328
30659.15,24431.61133
30669.15,24451.37305
30679.16,24462.61133
30689.16,24418.3457
30699.18,24421.20508
30709.19,24405.20117
30719.22,24442.86328
30729.22,24441.9043
30739.23,24413.67383
30749.27,24435.32227
30759.25,24450.41016
30769.27,24449.44727
30779.28,24434.36523
30789.28,24419.30078
30799.29,24447.52148
30809.31,24417.39648
30819.33,24424.91992
30829.34,24430.53711
30839.34,24406.15039
30849.37,24449.44727
30859.38,24472.10742
30869.4,24428.74219
30879.42,24405.20117
30889.44,24441.9043
30899.46,24419.30078
30909.47,24423.9668
30919.48,24406.15039
30929.5,24440.94141
30939.51,24395.79102
30949.53,24434.36523
30959.56,24461.64648
30969.56,24433.4043
30979.55,24431.49219
30989.57,24383.59961
30999.59,24424.91992
31009.59,24412.72461
31019.6,24456.0293
31029.63,24450.41016
31039.62,24465.51758
31049.64,24435.32227
31059.66,24426.82812
31069.67,24447.52148
31079.69,24412.72461
31089.71,24412.72461
31099.73,24425.875
31109.74,24418.3457
31119.75,24378.9082
31129.76,24468.22852
31139.77,24431.49219
31149.77,24460.67969
31159.8,24448.48438
31169.81,24411.77344
31179.83,24426.82812
31189.82,24446.55859
31199.85,24426.82812
31209.85,24396.73828
31219.87,24411.77344
31229.89,24447.52148
31239.88,24483.33594
31249.9,24447.52148
31259.92,24446.55859
31269.93,24488.94531
31279.92,24454.09961
31289.95,24434.36523
31299.95,24433.4043
31309.97,24405.20117
31319.99,24407.09766
31330.02,24425.875
31340.01,24427.78516
31350.02,24508.98047
31360.02,24419.30078
31370.04,24426.82812
31380.05,24425.875
31390.08,24439.98242
31400.09,24419.30078
31410.11,24419.30078
31420.14,24420.25195
31430.13,24429.69727
31440.14,24461.64648
31450.16,24442.86328
31460.17,24425.875
31470.18,24445.59961
31480.2,24424.91992
31490.24,24413.67383
31500.24,24441.9043
31510.24,24465.51758
31520.25,24420.25195
31530.26,24419.30078
31540.27,24417.39648
31550.28,24462.61133
31560.29,24396.73828
31570.33,24454.09961
31580.34,24411.77344
31590.35,24426.82812
31600.37,24410.82422
31610.38,24424.91992
31620.39,24432.44922
31630.4,24448.48438
31640.41,24456.0293
31650.42,24441.9043
31660.44,24396.73828
31670.44,24425.875
31680.46,24380.7793
31690.48,24402.35938
31700.49,24383.59961
31710.5,24449.44727
31720.54,24439.98242
31730.55,24403.30664
31740.58,24447.52148
31750.59,24410.82422
31760.61,24419.30078
31770.62,24426.82812
31780.64,24409.875
31790.66,24405.20117
31800.67,24384.54102
31810.68,24447.52148
31820.69,24436.2793
31830.73,24410.82422
31840.72,24396.73828
31850.73,24434.36523
31860.74,24427.78516
31870.75,24449.44727
31880.78,24469.19531
31890.8,24406.15039
31900.82,24382.6582
31910.83,24418.3457
31920.83,24418.3457
31930.83,24455.06445
31940.86,24440.94141
31950.86,24398.62891
31960.87,24434.36523
31970.89,24439.98242
31980.88,24434.36523
31990.91,24392.05469
32000.9,24456.99609
32010.9,24440.94141
32020.91,24469.19531
32030.93,24425.875
32040.94,24445.59961
32050.95,24432.44922
32060.98,24507.99805
32071.01,24471.13281
32081.0,24464.54883
32091.01,24412.72461
32101.02,24441.9043
32111.02,24433.4043
32121.05,24443.82617
32131.06,24427.78516
32141.08,24425.875
32151.09,24433.4043
32161.1,24399.57422
32171.12,24467.45508
32181.11,24394.84961
32191.15,24417.39648
32201.15,24381.7207
32211.16,24449.44727
32221.16,24455.06445
32231.18,24422.06055
32241.17,24403.30664
32251.21,24441.9043
32261.21,24415.49219
32271.22,24409.875
32281.24,24433.4043
32291.25,24432.44922
32301.27,24390.16992
32311.29,24447.52148
32321.32,24410.82422
32331.33,24432.44922
32341.36,24447.52148
32351.36,24415.49219
32361.38,24420.25195
32371.39,24460.67969
32381.4,24395.79102
32391.42,24434.36523
